Month,var_5
1/1/20,15.9018996
4/1/20,1.814736
7/1/20,4.240683929
10/1/20,5.590003601
1/1/21,6.955146557
4/1/21,11.09228565
7/1/21,14.23028783
10/1/21,16.93084175